<?xml version="1.0" encoding="UTF-8"?>
<mule xmlns:sfdc="http://www.mulesoft.org/schema/mule/sfdc" xmlns="http://www.mulesoft.org/schema/mule/core" xmlns:doc="http://www.mulesoft.org/schema/mule/documentation" xmlns:dw="http://www.mulesoft.org/schema/mule/ee/dw" xmlns:http="http://www.mulesoft.org/schema/mule/http" xmlns:metadata="http://www.mulesoft.org/schema/mule/metadata" xmlns:netsuite="http://www.mulesoft.org/schema/mule/netsuite" xmlns:spring="http://www.springframework.org/schema/beans" xmlns:tracking="http://www.mulesoft.org/schema/mule/ee/tracking" xmlns:xsi="http://www.w3.org/2001/XMLSchema-instance" xsi:schemaLocation="http://www.springframework.org/schema/beans http://www.springframework.org/schema/beans/spring-beans-current.xsd
http://www.mulesoft.org/schema/mule/core http://www.mulesoft.org/schema/mule/core/current/mule.xsd
http://www.mulesoft.org/schema/mule/netsuite http://www.mulesoft.org/schema/mule/netsuite/current/mule-netsuite.xsd
http://www.mulesoft.org/schema/mule/http http://www.mulesoft.org/schema/mule/http/current/mule-http.xsd
http://www.mulesoft.org/schema/mule/ee/tracking http://www.mulesoft.org/schema/mule/ee/tracking/current/mule-tracking-ee.xsd
http://www.mulesoft.org/schema/mule/ee/dw http://www.mulesoft.org/schema/mule/ee/dw/current/dw.xsd
http://www.mulesoft.org/schema/mule/sfdc http://www.mulesoft.org/schema/mule/sfdc/current/mule-sfdc.xsd">
    
    
    
    <http:listener-config name="HTTP_Listener_Configuration1" host="0.0.0.0" port="8081" doc:name="HTTP Listener Configuration"/>
    <sfdc:config name="Salesforce__Basic_Authentication" username="$YourID" password="$YourPassword" securityToken="$YourAccessToken" doc:name="Salesforce: Basic Authentication"/>
    <sfdc:config name="Salesforce__Basic_Authentication1" username="anamperwez15@folio3.com" password="Ineedtoworkhard1" doc:name="Salesforce: Basic Authentication"/>
    <flow name="get-customer-list-from-netsuiteFlow">
        <http:listener config-ref="HTTP_Listener_Configuration1" path="/contacts/{Email}" doc:name="HTTP"/>
        <set-variable variableName="Email" value="#[message.inboundProperties.'http.uri.params'.Email ]" doc:name="Variable"/>
        <sfdc:query config-ref="Salesforce__Basic_Authentication" query="dsql:SELECT Email,FirstName,LastName FROM Contact WHERE Email LIKE '%#[flowVars.Email]%'" doc:name="Salesforce"/>
        <dw:transform-message doc:name="Customer List to XML" metadata:id="2c718a72-b963-408c-a7b9-5f07a12e8090">
            <dw:input-payload doc:sample="list_Customer.dwl"/>
            <dw:set-payload><![CDATA[%dw 1.0
%output application/xml
---
div: {
  ( payload map {
    line: {
      tr: {
        td: $.LastName,
        td: $.FirstName,
        td: $.Email
      }
    }
  })
} unless (payload is :empty) otherwise {
	line: {
		tr:	{
			td: 'No customers found'
		}
	}
}]]></dw:set-payload>
        </dw:transform-message>
        <object-to-string-transformer mimeType="text/html" doc:name="Object to String"/>
        <parse-template location="./src/main/resources/customer/index.html" doc:name="Generate HTML response"/>
    </flow>
</mule>